Epoch,Test Loss
0,2.4372913208272724
1,2.1865856177277037
2,2.331052593721284
3,2.2987117153075007
4,2.4749682763384446
5,2.413414744618866
6,2.553723320033815
7,2.678939458127651
8,2.751000693336957
9,2.8613524626164386
