Epoch,Test Loss
0,2.5725600123405457
1,2.561537770430247
2,2.5520729303359984
3,2.615483017431365
4,2.4860654663708477
5,2.5999092262652184
6,2.585953419407209
7,2.6072222949316104
8,2.7962801885687645
9,2.846021630614996
