Epoch,Test Loss
0,2.6006919662157695
1,2.321725443005562
2,2.092130999887983
3,1.9615215783317883
4,1.8505825246373813
5,1.790280953484277
6,1.7578918909964463
7,1.753834842145443
8,1.806820989617457
9,1.8408076947089285
