Epoch,Test Loss
0,2.4466064954797426
1,2.2933090748886267
2,2.3030235945557553
3,2.2985125467181207
4,2.405433727366229
5,2.3953404664372404
6,2.4530148625994723
7,2.5200567956392965
8,2.611821875395253
9,2.5649903936932485
