Epoch,Test Loss
0,2.4905877227584523
1,2.4028124276548626
2,2.328460868199666
3,2.359028734577199
4,2.4502621105561655
5,2.359703847238173
6,2.381901458775004
7,2.391724733139078
8,2.3745027091975013
9,2.453401398425922
