Epoch,Test Loss
0,2.6484900997744667
1,2.441149353981018
2,2.4571715778774683
3,2.505017344819175
4,2.5979759226242702
5,2.620640001528793
6,2.502650797035959
7,2.58116212354766
8,2.6194952056639726
9,2.7296134505834844
