Epoch,Test Loss
0,2.321152330107159
1,1.9831920837362607
2,1.9555917700131735
3,1.6829291839566496
4,1.793575102628933
5,1.7618051368950143
6,1.7073549349274901
7,1.599965802497334
8,1.692154404707253
9,1.7550847843392856
