Epoch,Test Loss
0,2.4136379222075144
1,2.0105096001178024
2,1.890432850830257
3,1.7240494838605325
4,1.9931194293157508
5,1.762282314741363
6,1.4927509810775519
7,1.6268946987314847
8,1.5681061404873617
9,1.6272805755802742
